Country and areas,Year*,Region,Severe wasting,Wasting,Overweight,Stunting,Underweight,Severe wasting
AFGHANISTAN,1997,South Asia,4,846,,18.2,6.5,53.2
AFGHANISTAN,2004,South Asia,946,3.5,8.6,4.6,59.3,32.9
AFGHANISTAN,2013,South Asia,44,26,469,4,9.5,5.3
AFGHANISTAN,2018,South Asia,19,539,1.6,5.1,4.1,38.2
ALBANIA,1997,Europe & Central Asia,7,642,,8.1,9.5,20.4
ALBANIA,2000,Europe & Central Asia,1,382,6.2,12.2,30.1,39.2
ALBANIA,2005,Europe & Central Asia,1,90,3.7,7.3,24.8,26.7
ALBANIA,2009,Europe & Central Asia,1,489,5.9,9.6,23.2,23.2
ALBANIA,2017,Europe & Central Asia,2,367,0.5,1.6,16.4,11.3
ALGERIA,1987,Middle East & North Africa,2,344,,4,,16.9
ALGERIA,1992,Middle East & North Africa,4,629,3,7.1,8.7,22.9
ALGERIA,1995,Middle East & North Africa,3,825,4.2,9.6,13.2,22.5
ALGERIA,2000,Middle East & North Africa,4,178,1.1,3.1,14.7,23.6
ALGERIA,2002,Middle East & North Africa,4,357,5,9.6,15.1,24
ALGERIA,2006,Middle East & North Africa,13,885,1.7,4.1,12.9,15.4
ALGERIA,2012,Middle East & North Africa,13,860,1.4,4.1,12.4,11.7
ANGOLA,1996,Sub-Saharan Africa,1,534,1.8,7.7,1.7,61.1
ANGOLA,2007,Sub-Saharan Africa,10,224,4.3,8.2,,29.2
ANGOLA,2015,Sub-Saharan Africa,7,468,1.1,4.9,3.4,37.6
ARGENTINA,1994,Latin America & Caribbean,5,296,,1.6,11.1,7.1
ARGENTINA,1996,Latin America & Caribbean,91,943,,4.2,13.5,16.9
ARGENTINA,2005,Latin America & Caribbean,9,99,999,0.2,1.2,9.9
ARGENTINA,2019,Latin America & Caribbean,,,1.6,13.6,7.9,1.7
ARMENIA,1998,Europe & Central Asia,3,241,1,3.3,10.8,15.1
ARMENIA,2000,Europe & Central Asia,1,486,0.7,2.5,15.7,17.3
ARMENIA,2005,Europe & Central Asia,1,377,2.6,5.4,11.4,17.9
ARMENIA,2010,Europe & Central Asia,1,411,2,4.1,16.5,20.9
ARMENIA,2016,Europe & Central Asia,1,609,1.7,4.4,13.7,9.4
AUSTRALIA,1995,East Asia & Pacific,10,36,810,,0,7.9
AUSTRALIA,2007,East Asia & Pacific,1,7,0,0,7.7,2
AUSTRALIA,2014,East Asia & Pacific,,,,17.9,,
AUSTRALIA,2017,East Asia & Pacific,,,,22,,
AZERBAIJAN,1996,Europe & Central Asia,500,,3.8,6.1,28,8.8
AZERBAIJAN,2000,Europe & Central Asia,1,787,4.1,9,6.2,24.2
AZERBAIJAN,2001,Europe & Central Asia,2,426,,3.2,4.4,18
AZERBAIJAN,2006,Europe & Central Asia,2,125,2.2,6.8,13.9,26.5
AZERBAIJAN,2011,Europe & Central Asia,,2.9,6.6,10.4,16.4,6.5
AZERBAIJAN,2013,Europe & Central Asia,36,13,423,1.1,3.2,14.1
BAHRAIN,1989,Middle East & North Africa,2,33,,6.8,7.5,13.9
BAHRAIN,1995,Middle East & North Africa,673,,6.6,,13.6,7.6
BANGLADESH,1986,South Asia,2,675,,17.3,0.2,70.9
BANGLADESH,1990,South Asia,1,914,,17.5,0.6,63.4
BANGLADESH,1991,South Asia,32,493,2.6,15.2,0.3,73.6
BANGLADESH,1992,South Asia,36,997,3,16.1,0.2,71.5
BANGLADESH,1993,South Asia,42,826,2.5,14,0.4,69.2
BANGLADESH,1994,South Asia,63,753,3.2,16.7,0.2,67.3
BANGLADESH,1995,South Asia,87,51,2.7,15.1,0.2,65.8
BANGLADESH,1996,South Asia,81,67,2.8,15.5,0.3,63.8
BANGLADESH,1997,South Asia,5,204,6.8,20.7,2.4,59.6
BANGLADESH,1998,South Asia,49,496,2.3,15,0.2,59.3
BANGLADESH,1999,South Asia,49,374,2,13.7,0.6,59.9
BANGLADESH,2000,South Asia,6,7,2.5,12.5,0.9,51.1
BANGLADESH,2001,South Asia,63,444,2.3,12.7,0.9,53.2
BANGLADESH,2002,South Asia,53,315,2.1,12.4,1,51.4
BANGLADESH,2003,South Asia,86,999,2.1,12.5,1,47.8
BANGLADESH,2004,South Asia,6,253,3.5,14.6,0.9,50.5
BANGLADESH,2005,South Asia,74,758,1.9,11.8,1,45.9
BANGLADESH,2006,South Asia,24,302,1.6,11.9,0.8,45.1
BANGLADESH,2007,South Asia,5,488,2.9,17.5,1.1,43.2
BANGLADESH,2011,South Asia,8,170,4.1,15.7,1.9,41.3
BANGLADESH,2013,South Asia,19,921,1.6,9.6,1.6,42
BANGLADESH,2013,South Asia,4,29,4.9,18.1,2.6,38.7
BANGLADESH,2014,South Asia,7,642,3.2,14.4,1.6,36.2
BANGLADESH,2018,South Asia,8,335,1.5,8.4,2.2,30.8
BARBADOS,2012,Latin America & Caribbean,403,2,6.8,12.2,7.7,3.5
BELARUS,2005,Europe & Central Asia,3,31,0.6,2.2,9.7,4.5
BELIZE,1992,Latin America & Caribbean,8,516,,,,
BELIZE,2006,Latin America & Caribbean,722,0.8,1.9,13.6,22,5
BELIZE,2011,Latin America & Caribbean,1,809,1.2,3.3,7.9,19.3
BELIZE,2015,Latin America & Caribbean,2,426,0.5,1.8,7.3,15
BENIN,1996,Sub-Saharan Africa,2,601,4.6,12.3,2.4,39.1
BENIN,2001,Sub-Saharan Africa,4,158,3.1,9,3.1,36.2
BENIN,2014,Sub-Saharan Africa,12,25,0.9,4.5,1.7,34
BENIN,2018,Sub-Saharan Africa,12,832,1.1,5,1.9,32.2
BHUTAN,1987,South Asia,3,273,,5.2,3.5,60.9
BHUTAN,1999,South Asia,2,996,0.8,2.5,3.9,47.7
BHUTAN,2008,South Asia,2,160,1.4,4.5,5.4,34.9
BHUTAN,2010,South Asia,6,71,2,5.9,7.6,33.5
BOLIVIA (PLURINATIONAL STATE OF),1988,Latin America & Caribbean,1,51,481,,,
BOLIVIA (PLURINATIONAL STATE OF),1989,Latin America & Caribbean,2,563,0.5,1.5,7.4,44
BOLIVIA (PLURINATIONAL STATE OF),1990,Latin America & Caribbean,4,90,699,,,
BOLIVIA (PLURINATIONAL STATE OF),1991,Latin America & Caribbean,5,36,952,,,
BOLIVIA (PLURINATIONAL STATE OF),1992,Latin America & Caribbean,6,66,872,,,
BOLIVIA (PLURINATIONAL STATE OF),1994,Latin America & Caribbean,2,730,1.2,3.6,6.7,37.1
BOLIVIA (PLURINATIONAL STATE OF),1998,Latin America & Caribbean,5,993,0.7,1.6,10.7,33.2
BOLIVIA (PLURINATIONAL STATE OF),2003,Latin America & Caribbean,9,986,0.6,1.7,9.2,32.4
BOLIVIA (PLURINATIONAL STATE OF),2008,Latin America & Caribbean,8,565,0.5,1.4,8.7,27.1
BOLIVIA (PLURINATIONAL STATE OF),2012,Latin America & Caribbean,7,10,318,0.5,1.5,7.4
BOLIVIA (PLURINATIONAL STATE OF),2016,Latin America & Caribbean,5,250,0.9,2,10.1,16.1
BOSNIA AND HERZEGOVINA,2000,Europe & Central Asia,2,598,3.5,7.4,16.3,12.1
BOSNIA AND HERZEGOVINA,2006,Europe & Central Asia,3,158,1.5,4,25.7,11.8
BOSNIA AND HERZEGOVINA,2012,Europe & Central Asia,2,199,1.6,2.3,17.4,8.9
BOTSWANA,1996,Sub-Saharan Africa,,,13.2,,35.1,15.1
BOTSWANA,2000,Sub-Saharan Africa,1,77,285,2.7,5.9,10.1
BOTSWANA,2007,Sub-Saharan Africa,2,639,3,7.3,10,28.9
BRAZIL,1989,Latin America & Caribbean,1,63,79,83,0.9,2.4
BRAZIL,1996,Latin America & Caribbean,4,139,1,2.8,6.1,13
BRAZIL,2002,Latin America & Caribbean,,,,,,3.7
BRAZIL,2007,Latin America & Caribbean,1,27,54,59,0.4,1.8
BRUNEI DARUSSALAM,2009,East Asia & Pacific,1,126,0.4,2.9,8.3,19.7
BULGARIA,2004,Europe & Central Asia,315,1.3,3.2,13.6,8.8,1.6
BULGARIA,2007,Europe & Central Asia,,0.8,4.5,6.6,6.6,2.5
BULGARIA,2014,Europe & Central Asia,,2.5,6.3,6.9,7,1.9
BURKINA FASO,1993,Sub-Saharan Africa,4,557,5.9,15.4,2.8,38.7
BURKINA FASO,1999,Sub-Saharan Africa,3,941,5.6,15.5,1.9,41.4
BURKINA FASO,2003,Sub-Saharan Africa,9,290,9.7,21.2,5.4,43.1
BURKINA FASO,2006,Sub-Saharan Africa,4,321,12.1,24.4,7,40
BURKINA FASO,2009,Sub-Saharan Africa,,2.7,11.3,,35.1,26
BURKINA FASO,2010,Sub-Saharan Africa,7,222,5.9,15.5,2.8,34.7
BURKINA FASO,2011,Sub-Saharan Africa,47,337,2.2,10.4,0.7,34.6
BURKINA FASO,2012,Sub-Saharan Africa,18,172,1.8,10.7,0.6,32.8
BURKINA FASO,2013,Sub-Saharan Africa,15,311,1.6,8.1,0.8,31.3
BURKINA FASO,2014,Sub-Saharan Africa,15,879,1.7,8.5,1.1,29
BURKINA FASO,2016,Sub-Saharan Africa,9,684,1.4,7.5,1.2,26.8
BURKINA FASO,2017,Sub-Saharan Africa,19,504,1.9,8.6,1.7,21.1
BURKINA FASO,2018,Sub-Saharan Africa,23,869,1.7,8.4,1,24.9
BURUNDI,1987,Sub-Saharan Africa,1,956,1.3,6.7,1.3,56.2
BURUNDI,2000,Sub-Saharan Africa,2,345,1.6,8.1,1.5,64
BURUNDI,2005,Sub-Saharan Africa,7,65,,9,,57.7
BURUNDI,2010,Sub-Saharan Africa,3,646,1.4,6,2.9,57.6
BURUNDI,2016,Sub-Saharan Africa,6,464,0.9,5.1,1.4,55.9
BURUNDI,2019,Sub-Saharan Africa,12,64,1,4.8,2.8,54
CABO VERDE,1985,Sub-Saharan Africa,9,450,,4.2,,26.8
CABO VERDE,1994,Sub-Saharan Africa,1,610,,6.9,,21.4
CAMBODIA,1996,East Asia & Pacific,5,773,4.5,13.4,6.5,58.6
CAMBODIA,2000,East Asia & Pacific,3,617,7.5,17.1,4,49
CAMBODIA,2005,East Asia & Pacific,3,696,1.8,8.5,1.6,42.8
CAMBODIA,2008,East Asia & Pacific,4,98,33,504,1.9,9.1
CAMBODIA,2010,East Asia & Pacific,4,87,2.7,11,1.9,39.8
CAMBODIA,2014,East Asia & Pacific,5,5,2.5,9.7,2.2,32.4
CAMEROON,1991,Sub-Saharan Africa,2,421,1.1,4.5,4.7,31.6
CAMEROON,1998,Sub-Saharan Africa,2,70,1.8,6.2,8.2,38.2
CAMEROON,2004,Sub-Saharan Africa,3,867,2.3,6.2,8.7,35.6
CAMEROON,2006,Sub-Saharan Africa,6,77,2.6,7.6,10.5,37.6
CAMEROON,2011,Sub-Saharan Africa,6,15,2,5.7,6.5,32.6
CAMEROON,2014,Sub-Saharan Africa,6,776,1.3,5.2,6.7,31.7
CAMEROON,2018,Sub-Saharan Africa,5,343,1.6,4.3,11,28.9
CANADA,2004,North America,,,,10.4,,
CENTRAL AFRICAN REPUBLIC,1994,Sub-Saharan Africa,2,448,2.6,8.7,3.7,41.5
CENTRAL AFRICAN REPUBLIC,2000,Sub-Saharan Africa,11,700,4.7,10.4,10.8,44.4
CENTRAL AFRICAN REPUBLIC,2006,Sub-Saharan Africa,7,775,5,12.1,8.6,43.6
CENTRAL AFRICAN REPUBLIC,2010,Sub-Saharan Africa,10,232,1.9,7.4,1.8,40.7
CENTRAL AFRICAN REPUBLIC,2012,Sub-Saharan Africa,15,458,1.6,7.4,2,39.7
CENTRAL AFRICAN REPUBLIC,2018,Sub-Saharan Africa,15,466,1.6,6.5,1,37.5
CHAD,1997,Sub-Saharan Africa,5,913,6.1,16.5,2.7,44.5
CHAD,2000,Sub-Saharan Africa,5,191,4.2,13.9,2.7,38.9
CHAD,2004,Sub-Saharan Africa,4,872,6.5,16.2,4.2,44.4
CHAD,2010,Sub-Saharan Africa,12,706,6.3,16.3,2.8,38.7
CHAD,2015,Sub-Saharan Africa,11,253,4.4,13.3,2.8,39.8
CHILE,1986,Latin America & Caribbean,1,96,467,,0.7,15.4
CHILE,1994,Latin America & Caribbean,11,81,816,,0.5,10.1
CHILE,1995,Latin America & Caribbean,,,0.5,10.9,3.9,0.8
CHILE,1996,Latin America & Caribbean,11,48,353,,0.5,10.7
CHILE,1998,Latin America & Caribbean,10,63,64,,0.6,11.2
CHILE,1999,Latin America & Caribbean,10,31,657,,0.5,11.9
CHILE,2001,Latin America & Caribbean,10,2,454,,0.5,12.9
CHILE,2002,Latin America & Caribbean,10,22,552,,0.5,12
CHILE,2003,Latin America & Caribbean,10,22,896,,0.5,12.1
CHILE,2004,Latin America & Caribbean,10,8,335,,0.5,12.1
CHILE,2006,Latin America & Caribbean,9,73,578,,0.5,11.7
CHILE,2007,Latin America & Caribbean,9,46,528,,0.3,9.8
CHILE,2008,Latin America & Caribbean,9,64,33,,0.3,9.5
CHILE,2013,Latin America & Caribbean,9,88,663,,0.3,10.1
CHILE,2014,Latin America & Caribbean,8,39,435,,0.3,9.3
CHINA,1987,East Asia & Pacific,76,130,,4.8,,38.3
CHINA,1990,East Asia & Pacific,4,332,1.4,4.2,5.3,32.3
CHINA,1992,East Asia & Pacific,5,535,1.3,3.9,7.2,38
CHINA,1995,East Asia & Pacific,2,832,1.8,5,13.6,31.2
CHINA,1998,East Asia & Pacific,13,838,0.6,2.4,5.5,19.8
CHINA,2000,East Asia & Pacific,16,460,0.5,2.5,3.4,17.8
CHINA,2002,East Asia & Pacific,16,564,0.8,3,9.2,21.8
CHINA,2005,East Asia & Pacific,15,987,0.8,2.9,5.9,11.7
CHINA,2008,East Asia & Pacific,10,726,0.6,2.6,5.8,9.8
CHINA,2009,East Asia & Pacific,10,635,0.7,2.6,5.7,9
CHINA,2010,East Asia & Pacific,15,399,0.7,2.3,6.6,9.4
CHINA,2013,East Asia & Pacific,28,839,,1.9,9.1,8.1
COLOMBIA,1986,Latin America & Caribbean,1,317,0.3,1,4.2,26.6
COLOMBIA,1989,Latin America & Caribbean,1,973,,3.8,,21.8
COLOMBIA,1995,Latin America & Caribbean,4,458,0.5,1.7,4.5,19.6
COLOMBIA,2000,Latin America & Caribbean,4,119,0.4,1,5.3,18.2
COLOMBIA,2004,Latin America & Caribbean,12,752,0.4,1.6,4.2,16
COLOMBIA,2010,Latin America & Caribbean,15,775,0.2,0.9,4.8,12.6
COLOMBIA,2016,Latin America & Caribbean,38,22,42,0.4,1.6,5.7
COMOROS,1992,Sub-Saharan Africa,1,954,,5.3,,38.5
COMOROS,1996,Sub-Saharan Africa,1,5,4.5,10.7,5.3,40
COMOROS,2000,Sub-Saharan Africa,4,314,7.2,13.3,21.5,46.9
COMOROS,2012,Sub-Saharan Africa,3,169,4.5,11.2,10.6,31.1
CONGO,1987,Sub-Saharan Africa,2,429,,6.6,1.6,30.1
CONGO,2005,Sub-Saharan Africa,4,697,3,8,8.5,31.2
CONGO,2011,Sub-Saharan Africa,4,648,1.7,6,3.5,24.4
CONGO,2014,Sub-Saharan Africa,8,757,2.6,8.2,5.9,21.2
COSTA RICA,1989,Latin America & Caribbean,1,97,0,,,
COSTA RICA,1990,Latin America & Caribbean,1,90,0,,,
COSTA RICA,1991,Latin America & Caribbean,1,91,0,,,
COSTA RICA,1992,Latin America & Caribbean,1,76,935,,,
COSTA RICA,1993,Latin America & Caribbean,1,74,0,,,
COSTA RICA,1994,Latin America & Caribbean,1,61,0,,,
COSTA RICA,1996,Latin America & Caribbean,1,8,,2.4,9.5,8.2
COSTA RICA,2008,Latin America & Caribbean,,,1,8.1,5.6,1.1
CUBA,2000,Latin America & Caribbean,1,571,,2.4,,7
CZECHIA,1991,Europe & Central Asia,32,345,,2.8,6.7,3.1
CZECHIA,2001,Europe & Central Asia,16,469,1,4.6,4.4,2.7
CôTE D'IVOIRE,1986,Sub-Saharan Africa,1,947,,10.3,,22.5
CôTE D'IVOIRE,1994,Sub-Saharan Africa,3,486,2.2,8.3,2.5,34.2
CôTE D'IVOIRE,1998,Sub-Saharan Africa,1,690,1.9,6.9,4.6,31.2
CôTE D'IVOIRE,2006,Sub-Saharan Africa,8,482,3.1,8.4,9.1,41.3
CôTE D'IVOIRE,2007,Sub-Saharan Africa,854,5.4,14,4.9,39,29.4
CôTE D'IVOIRE,2012,Sub-Saharan Africa,3,681,1.8,7.6,3.2,29.9
CôTE D'IVOIRE,2016,Sub-Saharan Africa,8,809,1.2,6.1,1.5,21.6
DEMOCRATIC PEOPLE'S REPUBLIC OF KOREA,1998,East Asia & Pacific,1,263,,20.8,,63.9
DEMOCRATIC PEOPLE'S REPUBLIC OF KOREA,2000,East Asia & Pacific,4,175,,12.2,,51
DEMOCRATIC PEOPLE'S REPUBLIC OF KOREA,2002,East Asia & Pacific,5,297,3.5,8.7,0.9,44.7
DEMOCRATIC PEOPLE'S REPUBLIC OF KOREA,2004,East Asia & Pacific,4,795,,8.5,,43.1
DEMOCRATIC PEOPLE'S REPUBLIC OF KOREA,2009,East Asia & Pacific,2,172,0.5,5.2,0,32.4
DEMOCRATIC PEOPLE'S REPUBLIC OF KOREA,2012,East Asia & Pacific,,0.6,4,,27.9,15.2
DEMOCRATIC PEOPLE'S REPUBLIC OF KOREA,2017,East Asia & Pacific,2,271,0.5,2.5,2.3,19.1
DEMOCRATIC REPUBLIC OF THE CONGO,1995,Sub-Saharan Africa,4,362,,11.4,,51
DEMOCRATIC REPUBLIC OF THE CONGO,2001,Sub-Saharan Africa,9,150,6.1,15.9,6.7,44.4
DEMOCRATIC REPUBLIC OF THE CONGO,2007,Sub-Saharan Africa,4,149,4.8,10.4,7,45.8
DEMOCRATIC REPUBLIC OF THE CONGO,2010,Sub-Saharan Africa,10,774,2.8,8.5,4.9,43.4
DEMOCRATIC REPUBLIC OF THE CONGO,2013,Sub-Saharan Africa,9,397,2.9,8.1,4.4,42.7
DJIBOUTI,1989,Middle East & North Africa,3,750,,12.5,,28
DJIBOUTI,1996,Middle East & North Africa,,,14.9,,31.7,16
DJIBOUTI,2002,Middle East & North Africa,1,425,9.6,19.4,8.4,27.1
DJIBOUTI,2012,Middle East & North Africa,3,153,9.2,21.5,8.1,33.5
DOMINICAN REPUBLIC,1986,Latin America & Caribbean,1,794,1,3.3,3.8,20.4
DOMINICAN REPUBLIC,1991,Latin America & Caribbean,2,991,0.6,2.1,4.3,21.1
DOMINICAN REPUBLIC,1996,Latin America & Caribbean,3,565,0.6,2,6.7,13.5
DOMINICAN REPUBLIC,2000,Latin America & Caribbean,1,869,0.5,1.5,6.9,7.7
DOMINICAN REPUBLIC,2002,Latin America & Caribbean,10,666,0.8,2.2,8.6,11.6
DOMINICAN REPUBLIC,2006,Latin America & Caribbean,3,782,,1.9,7.4,10.5
DOMINICAN REPUBLIC,2007,Latin America & Caribbean,10,770,0.9,2.3,8.3,10.1
DOMINICAN REPUBLIC,2013,Latin America & Caribbean,3,667,0.8,2.4,7.6,7.1
ECUADOR,1986,Latin America & Caribbean,7,798,,2.3,,40.2
ECUADOR,1999,Latin America & Caribbean,13,68,536,0.4,2.7,2.6
ECUADOR,2004,Latin America & Caribbean,5,263,0.7,2,5.3,29.2
ECUADOR,2006,Latin America & Caribbean,14,38,765,0.5,2.1,5.2
ECUADOR,2012,Latin America & Caribbean,16,21,518,0.7,2.4,7.5
ECUADOR,2014,Latin America & Caribbean,15,23,946,0.6,1.6,8
EGYPT,1988,Middle East & North Africa,2,77,0.6,1.9,6.9,34
EGYPT,1991,Middle East & North Africa,3,614,2.3,4.5,14.9,34.9
EGYPT,1992,Middle East & North Africa,7,644,1.8,4,14.3,31.1
EGYPT,1995,Middle East & North Africa,10,226,2.3,5.7,14.6,34.8
EGYPT,1998,Middle East & North Africa,3,328,,7.5,,30.9
EGYPT,1998,Middle East & North Africa,3,997,,6.4,,26.3
EGYPT,2000,Middle East & North Africa,10,519,,,,24.4
EGYPT,2003,Middle East & North Africa,5,940,1.8,5.2,9.2,20.2
EGYPT,2005,Middle East & North Africa,12,828,2.5,5.3,14.1,23.9
EGYPT,2008,Middle East & North Africa,10,47,3.8,7.9,20.4,30.7
EGYPT,2014,Middle East & North Africa,14,899,4.8,9.5,15.7,22.3
EL SALVADOR,1988,Latin America & Caribbean,2,2,0.5,2.2,3,36.7
EL SALVADOR,1993,Latin America & Caribbean,7,787,0.5,1.5,3.7,31.6
EL SALVADOR,1998,Latin America & Caribbean,13,788,0.4,1.5,3.9,32.3
EL SALVADOR,2003,Latin America & Caribbean,6,368,0.3,1.3,5.8,24.6
EL SALVADOR,2008,Latin America & Caribbean,6,5,724,0.5,1.6,5.7
EL SALVADOR,2014,Latin America & Caribbean,7,229,0.4,2.1,6.4,13.6
EQUATORIAL GUINEA,1997,Sub-Saharan Africa,,2.5,4,3.4,38.7,13.8
EQUATORIAL GUINEA,2000,Sub-Saharan Africa,2,429,4.2,9.2,14,42.7
EQUATORIAL GUINEA,2004,Sub-Saharan Africa,33,334,1.3,2.8,8.3,35
EQUATORIAL GUINEA,2011,Sub-Saharan Africa,1,94,1.7,3.1,9.7,26.2
ERITREA,1993,Sub-Saharan Africa,,,11.8,,69.6,36.9
ERITREA,1995,Sub-Saharan Africa,2,371,5.1,17,1.3,47.8
ERITREA,2002,Sub-Saharan Africa,5,721,4.8,15,1.6,43
ERITREA,2010,Sub-Saharan Africa,6,634,4,14.6,2.1,52.5
ESWATINI,2000,Sub-Saharan Africa,3,406,0.7,1.7,14.9,36.5
ESWATINI,2006,Sub-Saharan Africa,3,29,1.2,2.9,11.1,29.2
ESWATINI,2008,Sub-Saharan Africa,,0.3,1.1,,40.4,7.3
ESWATINI,2010,Sub-Saharan Africa,2,572,0.4,0.8,10.7,30.9
ESWATINI,2014,Sub-Saharan Africa,2,641,0.4,2,9,25.5
ETHIOPIA,1992,Sub-Saharan Africa,20,230,,9.2,,66.9
ETHIOPIA,2000,Sub-Saharan Africa,10,901,3.8,12.4,2,57.4
ETHIOPIA,2005,Sub-Saharan Africa,5,15,4.7,12.4,5.1,50
ETHIOPIA,2011,Sub-Saharan Africa,11,224,2.9,9.8,1.8,44.4
ETHIOPIA,2014,Sub-Saharan Africa,4,921,2.5,8.7,2.6,40.4
ETHIOPIA,2016,Sub-Saharan Africa,10,550,3,10,2.9,38.3
ETHIOPIA,2019,Sub-Saharan Africa,4,990,1.2,7.2,2.1,36.8
FIJI,1993,East Asia & Pacific,618,,9.8,2.2,4.3,6.9
FIJI,2004,East Asia & Pacific,818,2,6.3,5.1,7.5,5.3
GABON,2000,Sub-Saharan Africa,3,179,1.5,4.2,5.5,25.9
GABON,2012,Sub-Saharan Africa,3,999,1.3,3.4,7.7,17
GAMBIA,1996,Sub-Saharan Africa,2,401,,,,36.1
GAMBIA,2000,Sub-Saharan Africa,2,596,2.5,9.1,3,24.1
GAMBIA,2006,Sub-Saharan Africa,6,421,1.8,7.4,2.7,27.7
GAMBIA,2010,Sub-Saharan Africa,11,480,2.1,9.5,1.9,23.4
GAMBIA,2012,Sub-Saharan Africa,7,218,1.6,9.5,1.1,21.1
GAMBIA,2013,Sub-Saharan Africa,3,680,4.3,11,3.2,24.6
GAMBIA,2018,Sub-Saharan Africa,9,779,1,6.2,1.2,19
GAMBIA,2018,Sub-Saharan Africa,1,330,1.3,6,2.5,13.6
GEORGIA,1999,Europe & Central Asia,3,434,,3.1,17.9,16.1
GEORGIA,2005,Europe & Central Asia,1,924,1.1,3,20.8,14.6
GEORGIA,2009,Europe & Central Asia,,0.6,1.6,19.9,11.3,1.1
GERMANY,2004,Europe & Central Asia,4,667,0.1,1,3.5,1.3
GERMANY,2016,Europe & Central Asia,,,0.3,3.2,1.7,0.5
GHANA,1988,Sub-Saharan Africa,1,934,1.6,7,0.8,42.6
GHANA,1993,Sub-Saharan Africa,1,970,3.8,10.9,2.5,41.2
GHANA,1998,Sub-Saharan Africa,2,657,2.5,9.9,2.7,30.6
GHANA,2003,Sub-Saharan Africa,3,356,2.8,8.4,4.5,35.5
GHANA,2006,Sub-Saharan Africa,3,237,1.8,6,2.6,27.9
GHANA,2008,Sub-Saharan Africa,2,708,2.4,8.7,5.7,28.4
GHANA,2011,Sub-Saharan Africa,7,373,1.4,6.2,2.6,22.8
GHANA,2014,Sub-Saharan Africa,2,911,0.7,4.7,2.6,18.8
GHANA,2017,Sub-Saharan Africa,8,665,1.1,6.8,1.4,17.5
GUATEMALA,1987,Latin America & Caribbean,2,227,0.4,1.9,2.4,66.2
GUATEMALA,1995,Latin America & Caribbean,8,28,1.5,3.8,6.2,55.4
GUATEMALA,1999,Latin America & Caribbean,3,762,1.4,2.9,6.9,53.1
GUATEMALA,2000,Latin America & Caribbean,16,84,954,1.6,3.7,7.3
GUATEMALA,2002,Latin America & Caribbean,5,625,0.8,1.9,5.2,54.8
GUATEMALA,2009,Latin America & Caribbean,9,332,0.2,1,4.9,51.5
GUATEMALA,2015,Latin America & Caribbean,12,609,0.1,0.8,4.9,46.7
GUINEA,1994,Sub-Saharan Africa,3,542,,14,,35.3
GUINEA,1999,Sub-Saharan Africa,3,98,4,9.7,4.4,31.1
GUINEA,2005,Sub-Saharan Africa,2,903,4.2,11,5.2,39.3
GUINEA,2007,Sub-Saharan Africa,7,428,2.4,7.2,6.4,34
GUINEA,2012,Sub-Saharan Africa,7,997,1.1,5.1,3,34.4
GUINEA,2012,Sub-Saharan Africa,3,674,4.1,10,3.8,31.1
GUINEA,2016,Sub-Saharan Africa,7,138,2.9,8.1,4,32.4
GUINEA,2018,Sub-Saharan Africa,4,35,3.6,9.2,5.6,30.3
GUINEA-BISSAU,2000,Sub-Saharan Africa,4,497,4.8,11.8,5,33.8
GUINEA-BISSAU,2006,Sub-Saharan Africa,5,282,4.5,8.8,16.9,47.7
GUINEA-BISSAU,2010,Sub-Saharan Africa,12,213,1,5.9,2.8,32
GUINEA-BISSAU,2014,Sub-Saharan Africa,7,460,1.4,6,2.3,27.6
GUYANA,1993,Latin America & Caribbean,581,,,,,16.1
GUYANA,1997,Latin America & Caribbean,289,,13.3,1.9,14,10.3
GUYANA,2000,Latin America & Caribbean,2,562,4.3,12.1,5.5,13.9
GUYANA,2006,Latin America & Caribbean,2,267,2.6,8.3,6.8,17.9
GUYANA,2009,Latin America & Caribbean,1,656,1.2,5.5,6.7,19.3
GUYANA,2014,Latin America & Caribbean,3,134,1.7,6.4,5.3,11.3
HAITI,1990,Latin America & Caribbean,1,843,,5.9,,40.1
HAITI,1994,Latin America & Caribbean,2,914,3,9.3,4.3,37.1
HAITI,2000,Latin America & Caribbean,6,263,1.5,5.5,3.1,28.8
HAITI,2006,Latin America & Caribbean,2,905,3.3,10.2,3.9,29.6
HAITI,2012,Latin America & Caribbean,4,591,1.3,5.1,3.6,22
HAITI,2017,Latin America & Caribbean,6,646,0.8,3.7,3.4,21.9
HONDURAS,1987,Latin America & Caribbean,3,244,,2.3,2.7,43.3
HONDURAS,1991,Latin America & Caribbean,5,485,0.5,2.4,3,42.7
HONDURAS,1994,Latin America & Caribbean,1,875,,2.7,,45.7
HONDURAS,1996,Latin America & Caribbean,1,456,0.3,1.6,2.8,38.6
HONDURAS,2001,Latin America & Caribbean,5,663,0.2,1.3,3,35.5
HONDURAS,2006,Latin America & Caribbean,9,733,0.3,1.4,5.8,29.8
HONDURAS,2012,Latin America & Caribbean,10,254,0.3,1.4,5.2,22.6
INDIA,1989,South Asia,13,548,,20.3,,62.7
INDIA,1991,South Asia,2,948,,20,,61.9
INDIA,1992,South Asia,38,418,7,19.9,2.9,57.7
INDIA,1997,South Asia,22,959,,18.4,5.9,45.9
INDIA,1999,South Asia,26,403,5.7,17.1,2.9,54.2
INDIA,2006,South Asia,49,149,6.8,20,1.9,47.8
INDIA,2014,South Asia,,4.6,15.1,,38.7,29.4
INDIA,2015,South Asia,2,30,488,7.7,20.8,2.4
INDIA,2017,South Asia,36,533,4.9,17.3,1.6,34.7
INDONESIA,1987,East Asia & Pacific,28,169,,,,
INDONESIA,1989,East Asia & Pacific,14,101,,,,
INDONESIA,1992,East Asia & Pacific,33,742,,,,
INDONESIA,1996,East Asia & Pacific,9,227,,14.9,6.5,48.1
INDONESIA,1998,East Asia & Pacific,25,505,,,,
INDONESIA,1999,East Asia & Pacific,78,849,,,,
INDONESIA,2000,East Asia & Pacific,1,6,147,0.9,5.5,1.5
INDONESIA,2001,East Asia & Pacific,96,417,0.8,5.4,1.5,41.6
INDONESIA,2002,East Asia & Pacific,74,360,,,,
INDONESIA,2003,East Asia & Pacific,77,110,,,,
INDONESIA,2004,East Asia & Pacific,3,116,5.1,14.4,5.1,28.6
INDONESIA,2005,East Asia & Pacific,94,652,,,,
INDONESIA,2007,East Asia & Pacific,77,808,6.8,14.8,11.2,40.1
INDONESIA,2010,East Asia & Pacific,18,768,5.4,12.3,12.3,39.2
INDONESIA,2013,East Asia & Pacific,75,232,6.7,13.5,11.5,36.4
INDONESIA,2018,East Asia & Pacific,,3.5,10.2,8,30.8,17.7
IRAN (ISLAMIC REPUBLIC OF),1995,Middle East & North Africa,11,139,,8.1,5.5,24.4
IRAN (ISLAMIC REPUBLIC OF),1998,Middle East & North Africa,2,536,,6.1,6.9,20.4
IRAN (ISLAMIC REPUBLIC OF),2004,Middle East & North Africa,34,200,,4.8,,7.1
IRAN (ISLAMIC REPUBLIC OF),2010,Middle East & North Africa,,1.4,4,,6.8,4.1
IRAQ,1991,Middle East & North Africa,2,565,,4.4,,27.6
IRAQ,2000,Middle East & North Africa,14,188,2.4,6.6,5.5,28.1
IRAQ,2003,Middle East & North Africa,,,5.6,,33.7,10.1
IRAQ,2004,Middle East & North Africa,16,464,,6.9,,20
IRAQ,2006,Middle East & North Africa,16,263,2.7,5.8,15,27.5
IRAQ,2011,Middle East & North Africa,35,633,2.7,6.5,11.4,22.1
IRAQ,2018,Middle East & North Africa,16,502,0.9,3,6.1,12.6
JAMAICA,1989,Latin America & Caribbean,860,,4.4,,12.4,6.3
JAMAICA,1991,Latin America & Caribbean,709,1.2,5.5,2.3,11.8,5.6
JAMAICA,1992,Latin America & Caribbean,1,798,0.3,2.7,3.1,14.4
JAMAICA,1993,Latin America & Caribbean,910,2.6,4.4,4.6,12.6,6.1
JAMAICA,1994,Latin America & Caribbean,951,0.9,3,6.2,12.1,4.6
JAMAICA,1995,Latin America & Caribbean,976,0.8,4.8,5.9,9.7,4.8
JAMAICA,1996,Latin America & Caribbean,980,0.1,2.5,3.8,11.2,5.6
JAMAICA,1997,Latin America & Caribbean,918,0.3,2.2,5.5,8.7,3.5
JAMAICA,1998,Latin America & Caribbean,2,321,0.9,2.6,4.3,9.5
JAMAICA,1999,Latin America & Caribbean,736,0.9,2.4,6.3,5.7,2.1
JAMAICA,2000,Latin America & Caribbean,732,1.5,3,7.3,7.2,3.9
JAMAICA,2001,Latin America & Caribbean,582,1,3.2,5.8,6.6,4
JAMAICA,2002,Latin America & Caribbean,3,251,0.7,2.4,8.5,8.2
JAMAICA,2004,Latin America & Caribbean,793,1.1,4.5,7.5,4.9,3.1
JAMAICA,2006,Latin America & Caribbean,615,0.9,3.7,6.1,7.5,4.8
JAMAICA,2007,Latin America & Caribbean,665,1.2,2.7,8.7,5.4,1.8
JAMAICA,2008,Latin America & Caribbean,1,581,0.3,2.5,7.8,6.9
JAMAICA,2010,Latin America & Caribbean,592,1.5,4.8,4.1,6,3.4
JAMAICA,2012,Latin America & Caribbean,1,740,0.8,3,7.8,6.8
JAMAICA,2014,Latin America & Caribbean,584,0.5,3.6,8.3,6,2.2
JAPAN,2010,East Asia & Pacific,6,643,0.2,2.3,1.5,7.1
JORDAN,1990,Middle East & North Africa,6,762,1.5,4,8.5,20
JORDAN,1997,Middle East & North Africa,5,651,0.6,2.4,4.3,11.1
JORDAN,2002,Middle East & North Africa,4,762,0.8,2.5,4.5,11.7
JORDAN,2009,Middle East & North Africa,4,118,0.2,1.6,6.6,8.2
JORDAN,2012,Middle East & North Africa,5,924,0.7,2.4,4.7,7.8
KAZAKHSTAN,1995,Europe & Central Asia,729,1.8,6.4,4.1,23.3,4.4
KAZAKHSTAN,1999,Europe & Central Asia,625,1,2.5,4.9,13.2,3.8
KAZAKHSTAN,2006,Europe & Central Asia,4,400,2.3,4.9,16.9,17.5
KAZAKHSTAN,2010,Europe & Central Asia,5,15,1.7,4.1,13.3,13.1
KAZAKHSTAN,2015,Europe & Central Asia,5,304,1.1,3.1,9.3,8
KENYA,1987,Sub-Saharan Africa,6,957,,5.5,,37
KENYA,1993,Sub-Saharan Africa,5,6,2.6,7.1,5.8,40.2
KENYA,1994,Sub-Saharan Africa,37,12,355,2.4,6.8,5.1
KENYA,1998,Sub-Saharan Africa,3,50,3.1,7.2,5.8,37.4
KENYA,2000,Sub-Saharan Africa,6,418,2.9,7.4,8.1,40.8
KENYA,2003,Sub-Saharan Africa,5,544,2.4,6.2,5.8,35.8
KENYA,2005,Sub-Saharan Africa,38,18,246,2.4,6.9,7.9
KENYA,2008,Sub-Saharan Africa,5,705,2.1,6.9,5,35.5
KENYA,2014,Sub-Saharan Africa,19,250,1,4.2,4.1,26.2
KIRIBATI,1985,East Asia & Pacific,2,941,,12.6,15.9,34.4
KIRIBATI,2009,East Asia & Pacific,1,44,,,,
KUWAIT,1996,Middle East & North Africa,12,376,,1.7,8.9,5
KUWAIT,2001,Middle East & North Africa,4,878,0.4,2.2,11,4
KUWAIT,2002,Middle East & North Africa,3,842,0.5,2.2,6.6,3.6
KUWAIT,2003,Middle East & North Africa,4,308,0.7,2.6,6.8,3.9
KUWAIT,2004,Middle East & North Africa,4,381,1.1,3.4,7.1,4.1
KUWAIT,2005,Middle East & North Africa,5,601,1,3.3,7.5,4.5
KUWAIT,2006,Middle East & North Africa,3,422,0.6,2.8,8.7,4.6
KUWAIT,2007,Middle East & North Africa,3,949,0.8,3.6,8.5,5.1
KUWAIT,2008,Middle East & North Africa,4,199,0.5,2.2,9.3,5.1
KUWAIT,2009,Middle East & North Africa,4,99,0.3,1.8,9,3.8
KUWAIT,2010,Middle East & North Africa,4,62,0.6,2.4,7.8,4.1
KUWAIT,2011,Middle East & North Africa,4,200,0.4,1.7,8.3,4
KUWAIT,2012,Middle East & North Africa,3,860,0.6,2.4,9.5,4.3
KUWAIT,2013,Middle East & North Africa,3,571,0.7,2.7,7.8,4.8
KUWAIT,2014,Middle East & North Africa,2,864,0.6,2.4,8.7,5.8
KUWAIT,2015,Middle East & North Africa,3,571,,3.1,6,4.9
KUWAIT,2016,Middle East & North Africa,,,2.4,6.8,5.9,
KUWAIT,2017,Middle East & North Africa,,,2.5,5.5,6.4,
KYRGYZSTAN,1997,Europe & Central Asia,1,34,0.8,2.9,8.1,36.2
KYRGYZSTAN,2006,Europe & Central Asia,2,944,1,3.4,10.7,18.1
KYRGYZSTAN,2009,Europe & Central Asia,,0.3,1.3,4.4,22.6,4.7
KYRGYZSTAN,2012,Europe & Central Asia,4,421,1.3,2.8,8.9,17.9
KYRGYZSTAN,2014,Europe & Central Asia,4,441,0.8,2.8,7,12.9
KYRGYZSTAN,2018,Europe & Central Asia,3,440,0.7,2,6.9,11.8
LAO PEOPLE'S DEMOCRATIC REPUBLIC,1993,East Asia & Pacific,1,365,,11.8,,53.6
LAO PEOPLE'S DEMOCRATIC REPUBLIC,1994,East Asia & Pacific,2,950,,12.3,,52.9
LAO PEOPLE'S DEMOCRATIC REPUBLIC,2000,East Asia & Pacific,1,421,7.5,17.5,2.7,47.5
LAO PEOPLE'S DEMOCRATIC REPUBLIC,2006,East Asia & Pacific,3,992,1.7,7.4,1.3,47.7
LAO PEOPLE'S DEMOCRATIC REPUBLIC,2011,East Asia & Pacific,10,814,1.4,5.9,2,44.2
LAO PEOPLE'S DEMOCRATIC REPUBLIC,2015,East Asia & Pacific,29,999,2.4,9.7,2.5,35.5
LAO PEOPLE'S DEMOCRATIC REPUBLIC,2017,East Asia & Pacific,11,555,3,9,3.5,33.1
LEBANON,1996,Middle East & North Africa,1,824,1.6,3.6,20.8,17.2
LEBANON,2004,Middle East & North Africa,1,128,2.9,6.6,16.7,16.5
LESOTHO,1992,Sub-Saharan Africa,4,687,,3.2,,39.2
LESOTHO,1993,Sub-Saharan Africa,449,,22.4,,37.5,18.9
LESOTHO,2000,Sub-Saharan Africa,3,530,3,6.8,21,52.7
LESOTHO,2004,Sub-Saharan Africa,1,754,2.2,5.6,6.7,44.7
LESOTHO,2009,Sub-Saharan Africa,2,138,1.5,3.8,7.3,39.3
LESOTHO,2014,Sub-Saharan Africa,1,914,0.6,2.8,7.5,33.4
LESOTHO,2018,Sub-Saharan Africa,3,171,0.8,2.1,6.6,34.6
LIBERIA,2000,Sub-Saharan Africa,46,34,2.2,7.4,4.6,45.3
LIBERIA,2007,Sub-Saharan Africa,5,441,3,7.9,4.2,39.6
LIBERIA,2010,Sub-Saharan Africa,6,395,1,4,2.7,39
LIBERIA,2013,Sub-Saharan Africa,3,625,2,5.6,3.2,32.1
LIBERIA,2016,Sub-Saharan Africa,5,925,0.7,4.3,2.7,30.1
LIBYA,1995,Middle East & North Africa,4,681,1.5,3.6,13.4,21.1
LIBYA,2007,Middle East & North Africa,10,723,2.9,6.5,22.4,21
LIBYA,2014,Middle East & North Africa,9,876,5.3,10.2,29.6,38.1
MADAGASCAR,1992,Sub-Saharan Africa,4,319,1.2,6.4,1.6,60.5
MADAGASCAR,1993,Sub-Saharan Africa,3,131,,16.4,,54.1
MADAGASCAR,1995,Sub-Saharan Africa,5,49,,9,,55.2
MADAGASCAR,1997,Sub-Saharan Africa,3,331,2.5,8.9,2.2,58.2
MADAGASCAR,2004,Sub-Saharan Africa,5,766,5.6,15.1,6.2,52.7
MADAGASCAR,2009,Sub-Saharan Africa,5,830,,,,49.4
MADAGASCAR,2012,Sub-Saharan Africa,10,835,0.9,7.5,1.1,48.9
MADAGASCAR,2018,Sub-Saharan Africa,12,481,1,6.4,1.4,41.6
MALAWI,1992,Sub-Saharan Africa,3,419,2.1,6.6,9.8,55.4
MALAWI,1995,Sub-Saharan Africa,3,654,,8.5,,53.8
MALAWI,1998,Sub-Saharan Africa,10,38,651,4.1,8.7,17.3
MALAWI,2000,Sub-Saharan Africa,10,728,2.9,6.8,8.8,54.7
MALAWI,2002,Sub-Saharan Africa,16,82,992,2.5,6.3,10
MALAWI,2004,Sub-Saharan Africa,9,440,3.2,6.3,10.2,52.5
MALAWI,2006,Sub-Saharan Africa,22,348,1.5,4.2,11.3,53.1
MALAWI,2009,Sub-Saharan Africa,,0.3,1.8,4.9,48.8,12.1
MALAWI,2010,Sub-Saharan Africa,5,167,1.5,4,9,47.3
MALAWI,2014,Sub-Saharan Africa,18,523,1.1,3.8,5.1,42.4
MALAWI,2015,Sub-Saharan Africa,5,786,0.6,2.8,4.6,37.4
MALAWI,2016,Sub-Saharan Africa,2,785,0.4,2.4,2.3,44.2
MALAWI,2016,Sub-Saharan Africa,3,621,0.6,3.9,1.5,38.3
MALAWI,2017,Sub-Saharan Africa,,0.3,2.2,,,11.2
MALAWI,2018,Sub-Saharan Africa,3,216,0.1,1.3,2.5,39
MALAYSIA,1990,East Asia & Pacific,3,16,306,,,
MALAYSIA,1991,East Asia & Pacific,3,23,299,,,
MALAYSIA,1992,East Asia & Pacific,3,25,469,,,
MALAYSIA,1993,East Asia & Pacific,3,13,246,,,
MALAYSIA,1994,East Asia & Pacific,3,17,551,,,
MALAYSIA,1995,East Asia & Pacific,3,44,736,,,
MALAYSIA,1999,East Asia & Pacific,5,108,,15.3,5.5,20.7
MALAYSIA,2006,East Asia & Pacific,5,546,,,,17.2
MALAYSIA,2015,East Asia & Pacific,2,486,,8,7.1,17.7
MALAYSIA,2016,East Asia & Pacific,,,11.5,6,20.7,13.7
MALDIVES,1994,South Asia,1,995,3.5,16.1,1.2,36.1
MALDIVES,1995,South Asia,798,,18.9,2.2,33,39
MALDIVES,1997,South Asia,1,486,9.2,19.9,9.8,43
MALDIVES,2001,South Asia,746,3.5,13.4,3.9,31.9,25.7
MALDIVES,2009,South Asia,2,840,2.7,10.6,6.2,19
MALI,1987,Sub-Saharan Africa,1,525,3.2,11.3,0.5,35.8
MALI,1996,Sub-Saharan Africa,4,987,9.8,22,2.3,39.9
MALI,2001,Sub-Saharan Africa,10,568,4.2,12.6,3.1,42.5
MALI,2006,Sub-Saharan Africa,12,602,6.1,15.4,4.6,37.6
MALI,2010,Sub-Saharan Africa,22,931,1.9,8.9,1,27.8
MALI,2015,Sub-Saharan Africa,14,941,3.4,13.5,1.9,30.4
MALI,2018,Sub-Saharan Africa,9,743,2.6,9,2,26.9
MARSHALL ISLANDS,2017,East Asia & Pacific,876,1.1,3.5,4.1,34.8,11.9
MAURITANIA,1988,Sub-Saharan Africa,931,,19.1,,40.2,
MAURITANIA,1990,Sub-Saharan Africa,4,294,8,17.4,6.8,54.6
MAURITANIA,1996,Sub-Saharan Africa,3,733,,8.7,,49.8
MAURITANIA,2000,Sub-Saharan Africa,3,824,7.2,15.3,3.8,38.6
MAURITANIA,2007,Sub-Saharan Africa,8,107,3.8,13.6,2.3,31.5
MAURITANIA,2008,Sub-Saharan Africa,5,58,861,1.1,8.1,1
MAURITANIA,2011,Sub-Saharan Africa,8,520,4,13.9,3.2,29.7
MAURITANIA,2012,Sub-Saharan Africa,6,573,1.9,11.7,1.2,23
MAURITANIA,2015,Sub-Saharan Africa,9,926,3.5,14.8,1.3,27.9
MAURITANIA,2018,Sub-Saharan Africa,13,620,2.3,11.5,1.5,22.8
MAURITIUS,1985,Sub-Saharan Africa,2,430,,18.3,8.8,27.3
MAURITIUS,1995,Sub-Saharan Africa,1,537,,15.7,6.5,13.6
MEXICO,1988,Latin America & Caribbean,82,68,127,2.1,6.1,6
MEXICO,1989,Latin America & Caribbean,14,932,1.7,6.1,11,26
MEXICO,1996,Latin America & Caribbean,31,601,,8.5,,25.8
MEXICO,1998,Latin America & Caribbean,1,1,25,945,0.7,2
MEXICO,2006,Latin America & Caribbean,94,0,75,0.4,2,7.5
MEXICO,2012,Latin America & Caribbean,1,7,47,724,0.4,1.6
MEXICO,2015,Latin America & Caribbean,7,806,0.4,1,5.2,12.4
MEXICO,2016,Latin America & Caribbean,1,10,93,877,0.3,2
MONGOLIA,1992,East Asia & Pacific,1,679,,2.4,,33.1
MONGOLIA,1999,East Asia & Pacific,4,146,1.9,4.3,7,30.1
MONGOLIA,2000,East Asia & Pacific,5,918,3,7.1,12.7,29.8
MONGOLIA,2004,East Asia & Pacific,1,247,0.1,0.6,6.1,23.5
MONGOLIA,2005,East Asia & Pacific,3,357,1.1,2.7,14.2,27.5
MONGOLIA,2010,East Asia & Pacific,2,13,90,978,0.5,1.8
MONGOLIA,2013,East Asia & Pacific,5,744,0.4,1,10.5,10.8
MONGOLIA,2016,East Asia & Pacific,2,243,0.4,1.2,11.7,7.3
MONGOLIA,2018,East Asia & Pacific,5,957,0.3,0.9,10.5,9.4
MONTENEGRO,2005,Europe & Central Asia,891,2.2,4.2,15.7,7.9,2.2
MONTENEGRO,2013,Europe & Central Asia,1,392,1.2,2.8,22.3,9.4
MOROCCO,1987,Middle East & North Africa,4,404,1.5,3.9,5.6,31
MOROCCO,1992,Middle East & North Africa,4,649,1.1,2.6,10.8,30.1
MOROCCO,1997,Middle East & North Africa,3,653,2,4.7,13.7,28.9
MOROCCO,2003,Middle East & North Africa,5,602,5,10.8,13.4,23.1
MOROCCO,2011,Middle East & North Africa,6,873,1,2.3,10.8,14.9
MOROCCO,2017,Middle East & North Africa,6,76,1.1,2.6,10.9,15.1
MOZAMBIQUE,1995,Sub-Saharan Africa,4,586,,9.6,,59.9
MOZAMBIQUE,1997,Sub-Saharan Africa,3,621,4.3,9.8,5.9,48.7
MOZAMBIQUE,2001,Sub-Saharan Africa,18,68,604,3.6,8.1,8.8
MOZAMBIQUE,2003,Sub-Saharan Africa,9,52,2.1,5.4,6.3,46.9
MOZAMBIQUE,2008,Sub-Saharan Africa,10,691,1.3,4.2,3.6,43.5
MOZAMBIQUE,2011,Sub-Saharan Africa,10,697,2.4,6.1,7.8,42.9
MOZAMBIQUE,2015,Sub-Saharan Africa,37,39,713,1.7,4.4,7
MYANMAR,1990,East Asia & Pacific,5,899,,,,
MYANMAR,1991,East Asia & Pacific,5,540,,12.7,,53.6
MYANMAR,1994,East Asia & Pacific,5,994,,9.2,,58.7
MYANMAR,1995,East Asia & Pacific,19,908,,,,
MYANMAR,1997,East Asia & Pacific,4,894,,9.6,9.7,55.4
MYANMAR,2000,East Asia & Pacific,8,492,2.9,10.7,2.4,40.8
MYANMAR,2003,East Asia & Pacific,5,874,3.7,11.7,6.9,42.7
MYANMAR,2009,East Asia & Pacific,15,430,2.1,7.9,2.6,35.1
MYANMAR,2016,East Asia & Pacific,4,204,1.3,6.6,1.5,29.4
NAMIBIA,1992,Sub-Saharan Africa,2,553,3.2,9.6,4.5,35.6
NAMIBIA,2000,Sub-Saharan Africa,4,273,3,10,3.3,29.3
NAMIBIA,2007,Sub-Saharan Africa,5,151,2,7.6,4.7,29.2
NAMIBIA,2013,Sub-Saharan Africa,2,610,2.8,7.1,4,22.7
NAURU,2007,East Asia & Pacific,267,0.2,1,2.8,24,4.8
NEPAL,1995,South Asia,6,781,,6,,68.2
NEPAL,1996,South Asia,3,972,2.8,12.6,0.7,65.7
NEPAL,1998,South Asia,17,471,1.4,7.9,0.4,61.1
NEPAL,2001,South Asia,6,556,2.8,11.3,0.7,56.1
NEPAL,2006,South Asia,5,342,2.7,12.7,0.6,49.1
NEPAL,2011,South Asia,2,521,2.9,11.2,1.5,40.1
NEPAL,2014,South Asia,5,218,3.2,11.3,2.1,37.1
NEPAL,2016,South Asia,2,502,1.9,9.6,1.2,36.1
NICARAGUA,1993,Latin America & Caribbean,3,609,0.9,2.5,5.5,29.6
NICARAGUA,1998,Latin America & Caribbean,6,837,1.5,3.4,6.9,30.5
NICARAGUA,2001,Latin America & Caribbean,5,741,0.9,2.3,7.2,25.1
NICARAGUA,2004,Latin America & Caribbean,1,494,0,0.3,5.2,18.8
NICARAGUA,2007,Latin America & Caribbean,12,318,0.5,1.5,6.2,23.1
NICARAGUA,2012,Latin America & Caribbean,10,311,0.7,2.2,8.3,17.3
NIGER,1985,Sub-Saharan Africa,1,672,,25.3,,43.8
NIGER,1992,Sub-Saharan Africa,4,284,6.7,18.8,2,45.3
NIGER,1998,Sub-Saharan Africa,4,204,6.5,19.8,1.1,50.7
NIGER,2000,Sub-Saharan Africa,4,831,6.1,16.2,1.7,53.5
NIGER,2006,Sub-Saharan Africa,4,389,4.3,12.5,3.5,54.8
NIGER,2012,Sub-Saharan Africa,5,822,6.7,18.2,3.1,43.5
NIGER,2012,Sub-Saharan Africa,8,622,2.7,13.4,0.8,39.9
NIGER,2013,Sub-Saharan Africa,31,95,429,2.5,12.4,0.4
NIGER,2014,Sub-Saharan Africa,48,42,316,2.7,14.2,0.5
NIGER,2016,Sub-Saharan Africa,32,30,436,2.1,10.4,1.1
NIGER,2018,Sub-Saharan Africa,39,86,80,3,14.1,1
NIGERIA,1990,Sub-Saharan Africa,5,854,4.4,11.7,3.3,48.7
NIGERIA,1993,Sub-Saharan Africa,2,664,,20.6,5.5,43.8
NIGERIA,2003,Sub-Saharan Africa,5,219,4.7,11.2,6.3,42.5
NIGERIA,2007,Sub-Saharan Africa,13,323,6.6,13.4,13.3,39.2
NIGERIA,2008,Sub-Saharan Africa,23,792,7.7,14.5,10.4,40.6
NIGERIA,2011,Sub-Saharan Africa,24,169,3.1,10.2,3,35.8
NIGERIA,2013,Sub-Saharan Africa,28,947,9,18.1,5,36.5
NIGERIA,2014,Sub-Saharan Africa,19,949,1.8,7.9,1.8,33.6
NIGERIA,2015,Sub-Saharan Africa,17,731,1.8,7.3,1.6,33
NIGERIA,2016,Sub-Saharan Africa,27,398,2.9,10.8,1.5,43.6
NIGERIA,2018,Sub-Saharan Africa,12,695,1.8,6.8,2.1,36.8
NORTH MACEDONIA,1999,Europe & Central Asia,,0.4,1.7,9.6,8,1.9
NORTH MACEDONIA,2005,Europe & Central Asia,4,223,1.3,3.4,16.2,11.3
NORTH MACEDONIA,2011,Europe & Central Asia,1,332,0.2,1.8,12.4,4.9
OMAN,1991,Middle East & North Africa,764,,7.8,8.4,24.2,18.6
OMAN,1994,Middle East & North Africa,639,0.8,7.2,1,21.1,10.4
OMAN,1999,Middle East & North Africa,13,961,1.3,7.8,1.6,15.8
OMAN,2009,Middle East & North Africa,8,105,0.8,7.1,1.7,9.8
OMAN,2014,Middle East & North Africa,4,548,2.4,7.5,4.4,14.1
OMAN,2017,Middle East & North Africa,,3.1,9.3,4.2,11.4,11.2
PAKISTAN,1986,South Asia,6,707,,24,7.8,62.5
PAKISTAN,1991,South Asia,4,433,4.8,12.5,5.4,53.9
PAKISTAN,1992,South Asia,3,240,5,17.2,1.6,42.7
PAKISTAN,1995,South Asia,7,368,,,,
PAKISTAN,2001,South Asia,10,27,5.8,14.1,4.8,41.4
PAKISTAN,2011,South Asia,2,39,46,326,5.8,14.9
PAKISTAN,2013,South Asia,3,838,3.3,10.5,4.8,45
PAKISTAN,2018,South Asia,3,622,2.4,7.1,2.5,37.6
PANAMA,1997,Latin America & Caribbean,2,76,729,0.3,1.3,6.4
PANAMA,2003,Latin America & Caribbean,3,13,165,0.4,1.6,11.1
PANAMA,2008,Latin America & Caribbean,2,88,853,0.3,1.2,9.7
PAPUA NEW GUINEA,1983,East Asia & Pacific,27,510,1.2,5.5,3.1,46
PAPUA NEW GUINEA,2005,East Asia & Pacific,924,0.8,4.4,3.4,43.9,18.1
PAPUA NEW GUINEA,2010,East Asia & Pacific,9,45,911,6.4,14.1,13.7
PARAGUAY,1990,Latin America & Caribbean,3,450,0.2,0.6,6.3,18.3
PARAGUAY,2005,Latin America & Caribbean,4,83,612,,1.1,7.1
PARAGUAY,2012,Latin America & Caribbean,5,58,648,0.4,2.6,11.3
PARAGUAY,2016,Latin America & Caribbean,4,428,0.4,1,12.4,5.6
PERU,1991,Latin America & Caribbean,7,205,0.6,1.9,9.3,37.3
PERU,1996,Latin America & Caribbean,13,829,0.7,1.6,9.9,31.6
PERU,2000,Latin America & Caribbean,10,710,0.4,1.1,11.8,31.3
PERU,2005,Latin America & Caribbean,1,912,0.1,1,9.1,29.2
PERU,2007,Latin America & Caribbean,7,911,0.2,0.8,10,28
PERU,2009,Latin America & Caribbean,9,180,0.2,0.6,10.3,23.9
PERU,2010,Latin America & Caribbean,8,726,0.1,0.7,8,23.3
PERU,2011,Latin America & Caribbean,8,869,0.1,0.4,8.8,19.5
PERU,2012,Latin America & Caribbean,9,190,0.1,0.6,7.2,18.4
PERU,2013,Latin America & Caribbean,8,287,0.2,0.4,8.5,17.6
PERU,2014,Latin America & Caribbean,9,136,0.1,0.6,8.8,14.8
PERU,2015,Latin America & Caribbean,11,110,0.1,0.6,8.2,14.7
PERU,2016,Latin America & Caribbean,10,541,0.1,0.6,7.7,13.1
PERU,2017,Latin America & Caribbean,9,285,0.1,0.5,8,12.8
PERU,2018,Latin America & Caribbean,8,859,0.1,0.5,8.6,12.2
PHILIPPINES,1987,East Asia & Pacific,2,250,,5.7,,44.7
PHILIPPINES,1990,East Asia & Pacific,5,629,,6.9,,43.3
PHILIPPINES,1992,East Asia & Pacific,5,858,,8.8,1.7,40.9
PHILIPPINES,1993,East Asia & Pacific,4,229,,9.1,,38.9
PHILIPPINES,1998,East Asia & Pacific,24,308,,8,1.9,38.3
PHILIPPINES,2003,East Asia & Pacific,3,499,1.6,6,2.4,33.8
PHILIPPINES,2008,East Asia & Pacific,1,4,14,185,1.7,6.6
PHILIPPINES,2011,East Asia & Pacific,6,5,19,772,2,7
PHILIPPINES,2013,East Asia & Pacific,1,2,43,911,2.4,7.6
PHILIPPINES,2015,East Asia & Pacific,1,4,32,478,1.6,6.8
PHILIPPINES,2018,East Asia & Pacific,,,5.6,4,30.3,19.1
POLAND,2009,Europe & Central Asia,,,,,2.9,
POLAND,2014,Europe & Central Asia,,,,,2.6,
QATAR,1995,Middle East & North Africa,1,180,,2.1,10.4,11.6
REPUBLIC OF KOREA,2003,East Asia & Pacific,2,40,0.2,0.9,6.2,2.5
REPUBLIC OF KOREA,2009,East Asia & Pacific,17,83,845,0.1,1.2,7.3
REPUBLIC OF MOLDOVA,2005,Europe & Central Asia,1,581,2.4,5.8,8.9,10.7
REPUBLIC OF MOLDOVA,2012,Europe & Central Asia,1,724,0.5,1.9,4.9,6.4
ROMANIA,1991,Europe & Central Asia,10,957,,3.3,4,11.2
ROMANIA,1999,Europe & Central Asia,21,103,0.8,3.6,10.1,15.3
ROMANIA,2000,Europe & Central Asia,22,225,1.1,4.3,8.9,12.8
ROMANIA,2001,Europe & Central Asia,22,667,1,3.9,9.1,14
ROMANIA,2002,Europe & Central Asia,15,533,0.7,3.5,8.3,12.8
RWANDA,1992,Sub-Saharan Africa,4,498,1.8,5,4,56.8
RWANDA,1996,Sub-Saharan Africa,1,115,,11,,45.4
RWANDA,2000,Sub-Saharan Africa,6,793,3.8,8.7,7.1,47.9
RWANDA,2005,Sub-Saharan Africa,3,999,1.7,4.9,6.7,51.4
RWANDA,2009,Sub-Saharan Africa,6,139,1.6,4.6,,52
RWANDA,2010,Sub-Saharan Africa,4,408,0.9,2.9,6.9,44.3
RWANDA,2012,Sub-Saharan Africa,4,457,0.5,2.4,6,43.8
RWANDA,2015,Sub-Saharan Africa,3,881,0.7,2.3,7.9,38.3
RWANDA,2015,Sub-Saharan Africa,4,51,0.4,2,5.6,36.9
SAINT LUCIA,2012,Latin America & Caribbean,283,0.7,3.7,6.3,2.5,2.8
SAMOA,1999,East Asia & Pacific,1,107,,1.3,6.2,6.4
SAMOA,2014,East Asia & Pacific,2,961,1.3,3.9,5.3,4.9
SAO TOME AND PRINCIPE,1986,Sub-Saharan Africa,2,155,,6,,32
SAO TOME AND PRINCIPE,2000,Sub-Saharan Africa,1,737,1.2,3.9,9.3,35.5
SAO TOME AND PRINCIPE,2006,Sub-Saharan Africa,2,848,,9.6,15.4,28.9
SAO TOME AND PRINCIPE,2008,Sub-Saharan Africa,1,751,5,11.6,11.1,30.8
SAO TOME AND PRINCIPE,2014,Sub-Saharan Africa,1,939,0.8,4,2.4,17.2
SAUDI ARABIA,1994,Middle East & North Africa,23,821,,2.9,1.2,21.4
SAUDI ARABIA,2004,Middle East & North Africa,15,601,4.5,11.8,6.1,9.3
SENEGAL,1986,Sub-Saharan Africa,630,1.2,5.1,2.3,26.5,17
SENEGAL,1991,Sub-Saharan Africa,,,9,4,34.4,20.4
SENEGAL,1993,Sub-Saharan Africa,4,47,3,9.4,4,29.8
SENEGAL,1996,Sub-Saharan Africa,,,8.2,,28.8,19.6
SENEGAL,2000,Sub-Saharan Africa,10,98,683,2.9,10,3.2
SENEGAL,2005,Sub-Saharan Africa,3,10,2.3,8.7,2.5,19.9
SENEGAL,2011,Sub-Saharan Africa,3,925,2.3,9.8,2.7,26.7
SENEGAL,2012,Sub-Saharan Africa,27,514,1.2,8.7,0.7,15.5
SENEGAL,2013,Sub-Saharan Africa,5,961,1.9,9,1.4,18.8
SENEGAL,2014,Sub-Saharan Africa,5,978,0.7,5.9,1.3,18.8
SENEGAL,2015,Sub-Saharan Africa,6,97,1.5,7.8,1,20.7
SENEGAL,2016,Sub-Saharan Africa,5,750,1.2,7.1,0.9,17.1
SENEGAL,2017,Sub-Saharan Africa,10,911,1.5,9,0.9,16.5
SENEGAL,2019,Sub-Saharan Africa,9,358,2.2,8.1,2.6,18.8
SERBIA,2005,Europe & Central Asia,3,525,1.8,4.5,19.3,8.1
SERBIA,2010,Europe & Central Asia,3,4,0.8,3.5,15.6,6.6
SERBIA,2014,Europe & Central Asia,2,353,1.1,3.9,13.9,6
SEYCHELLES,1988,Sub-Saharan Africa,836,,2.7,5.8,7.7,5
SEYCHELLES,2012,Sub-Saharan Africa,,1.2,4.3,10.2,7.9,3.6
SIERRA LEONE,1989,Sub-Saharan Africa,4,424,,8.4,,41.4
SIERRA LEONE,1990,Sub-Saharan Africa,4,595,,10.2,,40.9
SIERRA LEONE,2000,Sub-Saharan Africa,1,977,3.9,11.6,4.8,35.5
SIERRA LEONE,2005,Sub-Saharan Africa,4,429,4.2,10.2,5.9,45
SIERRA LEONE,2008,Sub-Saharan Africa,3,52,4.6,10.5,10.1,37.2
SIERRA LEONE,2010,Sub-Saharan Africa,8,100,3.2,8.5,9.6,44.4
SIERRA LEONE,2013,Sub-Saharan Africa,5,776,4.3,9.4,8.8,37.8
SIERRA LEONE,2017,Sub-Saharan Africa,11,637,2.3,6.8,4.2,31
SIERRA LEONE,2017,Sub-Saharan Africa,11,299,1,5.1,2,29.3
SIERRA LEONE,2019,Sub-Saharan Africa,4,870,1.1,5.4,4.5,29.5
SINGAPORE,2000,East Asia & Pacific,16,220,0.5,3.6,2.6,4.4
SOLOMON ISLANDS,1989,East Asia & Pacific,3,980,2,7.4,1.9,33.7
SOLOMON ISLANDS,2007,East Asia & Pacific,2,29,1.4,4.3,2.5,32.8
SOLOMON ISLANDS,2015,East Asia & Pacific,3,767,3.6,8.5,4.5,31.7
SOMALIA,2000,Sub-Saharan Africa,3,582,,19.3,,29.2
SOMALIA,2006,Sub-Saharan Africa,5,696,4.4,13.3,4.7,42
SOMALIA,2009,Sub-Saharan Africa,1,137,4.3,14.3,3,25.3
SOUTH AFRICA,1993,Sub-Saharan Africa,4,89,4.2,9.1,13.6,29.7
SOUTH AFRICA,1994,Sub-Saharan Africa,9,807,,3.3,10.3,28.7
SOUTH AFRICA,1999,Sub-Saharan Africa,1,556,,4.5,10.4,30.1
SOUTH AFRICA,2004,Sub-Saharan Africa,4,652,4.3,7.8,17.2,35.5
SOUTH AFRICA,2008,Sub-Saharan Africa,31,51,438,2.4,4.8,13.3
SOUTH AFRICA,2012,Sub-Saharan Africa,48,92,568,3.1,5.6,17.2
SOUTH AFRICA,2016,Sub-Saharan Africa,1,416,0.6,2.5,13.3,27.4
SOUTH SUDAN,2006,Sub-Saharan Africa,13,29,786,12.9,24.6,10.9
SOUTH SUDAN,2010,Sub-Saharan Africa,6,378,9.9,22.7,6,31.3
SRI LANKA,1987,South Asia,1,974,1.6,14.9,0.3,32.3
SRI LANKA,1993,South Asia,3,67,,17.5,,29.7
SRI LANKA,1995,South Asia,2,782,,15.3,,26.1
SRI LANKA,2000,South Asia,2,513,2.2,15.9,1.2,18.3
SRI LANKA,2007,South Asia,6,567,2.8,14.7,1.6,17.3
SRI LANKA,2009,South Asia,2,589,1.9,11.8,0.8,19.2
SRI LANKA,2012,South Asia,7,306,3,21.3,0.6,14.6
SRI LANKA,2016,South Asia,8,59,3.1,15.1,2,17.3
STATE OF PALESTINE,1996,Middle East & North Africa,4,20,0.9,3,4.3,7.8
STATE OF PALESTINE,2002,Middle East & North Africa,936,,9.4,,16.1,
STATE OF PALESTINE,2004,Middle East & North Africa,5,342,1.4,3.2,8.8,10.5
STATE OF PALESTINE,2006,Middle East & North Africa,9,360,0.7,1.8,11.4,13.6
STATE OF PALESTINE,2010,Middle East & North Africa,9,157,1,3.3,5.3,10.9
STATE OF PALESTINE,2014,Middle East & North Africa,7,222,0.3,1.2,8.2,7.4
SUDAN,2006,Sub-Saharan Africa,41,51,294,5.7,14.5,4.2
SUDAN,2010,Sub-Saharan Africa,12,188,4.1,15.4,1.5,34.1
SUDAN,2014,Sub-Saharan Africa,11,712,4.5,16.3,3,38.2
SURINAME,2000,Latin America & Caribbean,1,768,2,7,2.9,14.1
SURINAME,2006,Latin America & Caribbean,1,981,1,4.9,4,10.6
SURINAME,2010,Latin America & Caribbean,2,870,0.8,5,4,8.8
SYRIAN ARAB REPUBLIC,1993,Middle East & North Africa,4,154,4.5,10,15,32.8
SYRIAN ARAB REPUBLIC,1995,Middle East & North Africa,2,425,,10.4,,26.5
SYRIAN ARAB REPUBLIC,2000,Middle East & North Africa,6,262,,4.9,,24.3
SYRIAN ARAB REPUBLIC,2001,Middle East & North Africa,6,260,5.3,10.2,19.7,31.7
SYRIAN ARAB REPUBLIC,2006,Middle East & North Africa,10,595,4.8,10.3,18.7,28.7
SYRIAN ARAB REPUBLIC,2010,Middle East & North Africa,14,335,5.5,11.5,17.9,27.9
TAJIKISTAN,1999,Europe & Central Asia,3,599,,11.4,,41.5
TAJIKISTAN,2000,Europe & Central Asia,5,657,,9.4,,42.1
TAJIKISTAN,2001,Europe & Central Asia,3,704,,19.4,,43.2
TAJIKISTAN,2002,Europe & Central Asia,4,543,,6.1,,37.1
TAJIKISTAN,2003,Europe & Central Asia,4,654,,5.9,,42.4
TAJIKISTAN,2005,Europe & Central Asia,4,219,3.5,8.7,6.8,33.1
TAJIKISTAN,2007,Europe & Central Asia,51,48,57,3,6.9,12
TAJIKISTAN,2009,Europe & Central Asia,75,16,356,1.3,4.3,4.2
TAJIKISTAN,2012,Europe & Central Asia,5,348,4.1,9.9,6.7,26.9
TAJIKISTAN,2016,Europe & Central Asia,1,1.2,3.5,3.7,19.6,6.4
TAJIKISTAN,2017,Europe & Central Asia,6,716,1.8,5.6,3.3,17.5
THAILAND,1987,East Asia & Pacific,1,843,0.9,5.7,1.3,24.6
THAILAND,1993,East Asia & Pacific,11,748,,7.3,,21.1
THAILAND,1995,East Asia & Pacific,4,178,,6.7,4.7,18.1
THAILAND,2006,East Asia & Pacific,47,11,296,1.4,4.7,8
THAILAND,2012,East Asia & Pacific,9,203,2.2,6.7,10.9,16.4
THAILAND,2016,East Asia & Pacific,11,189,1.4,5.4,8.2,10.5
TIMOR-LESTE,2002,East Asia & Pacific,4,133,4.9,13.7,5.7,55.7
TIMOR-LESTE,2003,East Asia & Pacific,5,255,,14.3,,54.8
TIMOR-LESTE,2007,East Asia & Pacific,1,45,253,4.5,21.3,1.5
TIMOR-LESTE,2009,East Asia & Pacific,9,114,7.6,18.9,5.8,57.5
TIMOR-LESTE,2013,East Asia & Pacific,14,51,858,2.1,9.9,1.6
TOGO,1988,Sub-Saharan Africa,1,667,1.4,5.9,2.9,40.7
TOGO,1996,Sub-Saharan Africa,3,761,,,,40.2
TOGO,1998,Sub-Saharan Africa,3,603,3.6,12.4,2.3,33.2
TOGO,2006,Sub-Saharan Africa,3,595,6.3,15.5,4.8,29.9
TOGO,2008,Sub-Saharan Africa,,0.7,6,,26.9,20.5
TOGO,2010,Sub-Saharan Africa,4,625,1,4.8,1.6,29.8
TOGO,2012,Sub-Saharan Africa,2,564,0.7,5.5,1.7,26.2
TOGO,2014,Sub-Saharan Africa,3,325,1.5,6.6,2,27.6
TOGO,2017,Sub-Saharan Africa,4,919,1.1,5.7,1.5,23.8
TONGA,1986,East Asia & Pacific,1,94,,1.3,,2.2
TONGA,2012,East Asia & Pacific,,2.1,5.2,17.3,8.1,1.8
TRINIDAD AND TOBAGO,1987,Latin America & Caribbean,826,1.2,4.8,3.5,6.3,6.2
TRINIDAD AND TOBAGO,2000,Latin America & Caribbean,761,0.9,5.2,5,5.3,4.3
TRINIDAD AND TOBAGO,2011,Latin America & Caribbean,1,95,2.1,6.4,11.4,9.2
TUNISIA,1988,Middle East & North Africa,2,15,0.6,3.1,3.7,18.5
TUNISIA,1997,Middle East & North Africa,891,,7.2,1.4,11.9,3.3
TUNISIA,2000,Middle East & North Africa,10,553,,2.9,,16.8
TUNISIA,2006,Middle East & North Africa,2,842,1.2,3.4,8.8,9
TUNISIA,2012,Middle East & North Africa,2,677,1.7,2.8,14.3,10.1
TUNISIA,2018,Middle East & North Africa,3,340,0.9,2.1,17.2,8.4
TURKEY,1993,Europe & Central Asia,3,255,1,3.9,4.9,23.6
TURKEY,1995,Europe & Central Asia,2,871,,,,
TURKEY,1998,Europe & Central Asia,2,867,0.8,3,3.8,18.8
TURKEY,2004,Europe & Central Asia,3,772,0.4,1.1,8.8,15.2
TURKEY,2008,Europe & Central Asia,2,694,0.3,1,9.8,12.5
TURKEY,2013,Europe & Central Asia,2,651,0.5,1.9,11.1,10
TURKEY,2018,Europe & Central Asia,2,15,0.6,1.7,8.1,6
TURKMENISTAN,2000,Europe & Central Asia,2,928,,7.1,,28.1
TURKMENISTAN,2006,Europe & Central Asia,2,40,2.1,7.2,4.5,18.9
TURKMENISTAN,2015,Europe & Central Asia,3,718,1.1,4.2,5.9,11.5
TUVALU,2007,East Asia & Pacific,430,0.9,3.3,6.3,10,1.6
UGANDA,1988,Sub-Saharan Africa,3,819,0.9,3.1,3.6,47.7
UGANDA,1995,Sub-Saharan Africa,5,12,2,5.9,5,45.7
UGANDA,2000,Sub-Saharan Africa,6,315,1.5,5,4.9,44.9
UGANDA,2006,Sub-Saharan Africa,2,742,2.2,6.2,4.9,38.4
UGANDA,2009,Sub-Saharan Africa,30,86,438,1.4,4.4,3.2
UGANDA,2011,Sub-Saharan Africa,2,395,1.5,4.6,3.8,33.5
UGANDA,2012,Sub-Saharan Africa,29,47,915,0.3,4.2,5.8
UGANDA,2014,Sub-Saharan Africa,35,37,402,0.9,3.8,3.6
UGANDA,2016,Sub-Saharan Africa,5,136,1.3,3.5,3.7,28.9
UKRAINE,2000,Europe & Central Asia,4,247,3.8,8.2,26.5,22.9
UNITED REPUBLIC OF TANZANIA,1991,Sub-Saharan Africa,6,400,2.8,7.8,5.8,49.9
UNITED REPUBLIC OF TANZANIA,1996,Sub-Saharan Africa,5,561,2.9,8.5,4.6,49.6
UNITED REPUBLIC OF TANZANIA,1999,Sub-Saharan Africa,2,649,2,5.6,3.3,48.3
UNITED REPUBLIC OF TANZANIA,2004,Sub-Saharan Africa,8,168,1,3.5,4.9,44.4
UNITED REPUBLIC OF TANZANIA,2009,Sub-Saharan Africa,52,11,951,0.8,2.9,4.7
UNITED REPUBLIC OF TANZANIA,2010,Sub-Saharan Africa,7,676,1.3,4.9,5.4,42.1
UNITED REPUBLIC OF TANZANIA,2011,Sub-Saharan Africa,64,97,375,1.7,6.2,5.1
UNITED REPUBLIC OF TANZANIA,2013,Sub-Saharan Africa,63,52,19,1.5,4.4,5.1
UNITED REPUBLIC OF TANZANIA,2014,Sub-Saharan Africa,,0.9,3.8,3.5,34.7,13.4
UNITED REPUBLIC OF TANZANIA,2015,Sub-Saharan Africa,9,886,1.2,4.5,3.7,34.5
UNITED REPUBLIC OF TANZANIA,2018,Sub-Saharan Africa,,0.4,3.5,2.8,31.8,14.6
UNITED STATES,1991,North America,,0.1,0.7,5.4,3.2,0.9
UNITED STATES,2000,North America,,0,0.4,7,3.3,1.1
UNITED STATES,2004,North America,,0.1,0.8,8.1,3.2,1.1
UNITED STATES,2008,North America,,0,0.5,7.8,2.7,0.8
UNITED STATES,2012,North America,2,0,32,760,0,0.6
UNITED STATES,2014,North America,,,0.3,8.2,2.4,
UNITED STATES,2016,North America,,,0.4,9.4,3.5,
URUGUAY,1987,Latin America & Caribbean,3,471,,,,21
URUGUAY,1999,Latin America & Caribbean,11,413,0.8,2.3,9,12.8
URUGUAY,2002,Latin America & Caribbean,7,91,0.5,2.4,10,14.7
URUGUAY,2003,Latin America & Caribbean,2,787,0.9,2.8,11.5,15.8
URUGUAY,2004,Latin America & Caribbean,7,12,0.7,3,9.4,13.9
URUGUAY,2007,Latin America & Caribbean,3,4,1,2.5,7.9,10.8
URUGUAY,2011,Latin America & Caribbean,2,979,0,1.3,7.2,10.7
UZBEKISTAN,1996,Europe & Central Asia,1,148,6.1,10.7,15.9,39.5
UZBEKISTAN,2002,Europe & Central Asia,2,524,3.9,9,11,24.9
UZBEKISTAN,2006,Europe & Central Asia,4,883,1.6,4.4,12.2,19.6
UZBEKISTAN,2017,Europe & Central Asia,2,62,0.3,1.8,4.6,10.8
VANUATU,1996,East Asia & Pacific,1,297,,6.8,,25.7
VANUATU,2007,East Asia & Pacific,1,342,1.9,5.9,4.7,25.7
VANUATU,2013,East Asia & Pacific,1,328,1.5,4.7,4.9,28.9
VENEZUELA (BOLIVARIAN REPUBLIC OF),1987,Latin America & Caribbean,18,23,,2.2,9,7
VENEZUELA (BOLIVARIAN REPUBLIC OF),1990,Latin America & Caribbean,1,80,709,,5.7,4
VENEZUELA (BOLIVARIAN REPUBLIC OF),1991,Latin America & Caribbean,2,61,95,,4.5,4.3
VENEZUELA (BOLIVARIAN REPUBLIC OF),1992,Latin America & Caribbean,2,57,491,,4.3,4.9
VENEZUELA (BOLIVARIAN REPUBLIC OF),1993,Latin America & Caribbean,2,56,344,,4,4.9
VENEZUELA (BOLIVARIAN REPUBLIC OF),1994,Latin America & Caribbean,2,35,552,,3.8,5
VENEZUELA (BOLIVARIAN REPUBLIC OF),1995,Latin America & Caribbean,3,41,155,,3.8,4.7
VENEZUELA (BOLIVARIAN REPUBLIC OF),1996,Latin America & Caribbean,3,44,701,,3.8,4.7
VENEZUELA (BOLIVARIAN REPUBLIC OF),1997,Latin America & Caribbean,2,91,749,,3.8,5
VENEZUELA (BOLIVARIAN REPUBLIC OF),1998,Latin America & Caribbean,2,99,531,,4.4,4.9
VENEZUELA (BOLIVARIAN REPUBLIC OF),1999,Latin America & Caribbean,3,77,496,,4,5.2
VENEZUELA (BOLIVARIAN REPUBLIC OF),2000,Latin America & Caribbean,3,21,257,,3.9,5.3
VENEZUELA (BOLIVARIAN REPUBLIC OF),2001,Latin America & Caribbean,,,4.4,5.4,17.3,4
VENEZUELA (BOLIVARIAN REPUBLIC OF),2002,Latin America & Caribbean,,,4.8,5.4,17.6,4.2
VENEZUELA (BOLIVARIAN REPUBLIC OF),2003,Latin America & Caribbean,,,5.2,5.3,17.7,4.6
VENEZUELA (BOLIVARIAN REPUBLIC OF),2004,Latin America & Caribbean,,,5.2,5.2,17.1,4.5
VENEZUELA (BOLIVARIAN REPUBLIC OF),2005,Latin America & Caribbean,,,4.8,5.5,16.2,4.1
VENEZUELA (BOLIVARIAN REPUBLIC OF),2006,Latin America & Caribbean,,,4.8,6.1,16.2,3.9
VENEZUELA (BOLIVARIAN REPUBLIC OF),2007,Latin America & Caribbean,2,42,775,,5,6.1
VENEZUELA (BOLIVARIAN REPUBLIC OF),2008,Latin America & Caribbean,,,4.5,6.3,14.6,3.2
VENEZUELA (BOLIVARIAN REPUBLIC OF),2009,Latin America & Caribbean,,,4.1,6.4,13.4,2.9
VIET NAM,1988,East Asia & Pacific,7,44,,11.1,,61.3
VIET NAM,1993,East Asia & Pacific,2,702,1.3,6.7,2.9,61.5
VIET NAM,1994,East Asia & Pacific,37,764,,13.5,,52.5
VIET NAM,1998,East Asia & Pacific,12,919,,11.9,1.4,42.1
VIET NAM,1999,East Asia & Pacific,1,540,2.8,11,1.8,43.7
VIET NAM,2000,East Asia & Pacific,3,41,1,6.1,2.6,43.2
VIET NAM,2002,East Asia & Pacific,1,529,2.4,8.9,2.6,37.5
VIET NAM,2003,East Asia & Pacific,1,457,2.8,10.9,2.2,35.4
VIET NAM,2004,East Asia & Pacific,1,500,2.8,11.3,2.7,33.7
VIET NAM,2005,East Asia & Pacific,1,493,2.8,10.7,2.6,33.2
VIET NAM,2006,East Asia & Pacific,1,531,2.5,9.9,3.1,31.8
VIET NAM,2007,East Asia & Pacific,1,507,2.4,10.1,2.9,32.2
VIET NAM,2008,East Asia & Pacific,1,484,2.5,9.7,3,30.5
VIET NAM,2009,East Asia & Pacific,,3.8,7.1,5.6,29.3,17.5
VIET NAM,2010,East Asia & Pacific,3,607,1.2,4.1,4.5,22.7
VIET NAM,2011,East Asia & Pacific,,,6.6,,27.5,16.8
VIET NAM,2012,East Asia & Pacific,,,6.7,4.8,26.7,16.2
VIET NAM,2013,East Asia & Pacific,,1.3,6.6,4.6,25.9,15.3
VIET NAM,2014,East Asia & Pacific,,4.8,6.8,3.5,24.9,14.5
VIET NAM,2015,East Asia & Pacific,,1.4,6.4,5.3,24.6,14.1
VIET NAM,2016,East Asia & Pacific,,,,,24.3,13.8
VIET NAM,2017,East Asia & Pacific,,1.2,5.8,5.9,23.8,13.4
YEMEN,1991,Middle East & North Africa,3,120,5.4,14.1,8.1,50.4
YEMEN,1996,Middle East & North Africa,3,833,,17.4,6.9,50.4
YEMEN,1997,Middle East & North Africa,8,222,6.8,16.5,3.7,55.2
YEMEN,2003,Middle East & North Africa,7,801,6.4,15.3,4.9,57.3
YEMEN,2005,Middle East & North Africa,27,29,321,4.4,13.8,6.3
YEMEN,2011,Middle East & North Africa,37,69,453,3.4,13.3,1.5
YEMEN,2013,Middle East & North Africa,14,624,5.4,16.4,2.5,46.4
ZAMBIA,1992,Sub-Saharan Africa,5,57,2.2,6.3,4.7,46.3
ZAMBIA,1995,Sub-Saharan Africa,,,,,58.1,
ZAMBIA,1996,Sub-Saharan Africa,5,612,1.7,5.3,6.2,48.6
ZAMBIA,1999,Sub-Saharan Africa,11,5,300,1.8,5,14
ZAMBIA,2002,Sub-Saharan Africa,6,23,2.3,6.2,5.9,52.5
ZAMBIA,2007,Sub-Saharan Africa,5,933,2.3,5.6,8.4,45.8
ZAMBIA,2013,Sub-Saharan Africa,12,877,2.5,6.2,6.2,40
ZAMBIA,2018,Sub-Saharan Africa,9,689,1.5,4.2,5.2,34.6
ZIMBABWE,1987,Sub-Saharan Africa,4,19,964,,,
ZIMBABWE,1988,Sub-Saharan Africa,2,470,0.4,1.7,5.4,31
ZIMBABWE,1994,Sub-Saharan Africa,2,70,1.7,5.3,6.4,28.5
ZIMBABWE,1999,Sub-Saharan Africa,3,182,4.1,8.3,10.5,33.8
ZIMBABWE,2005,Sub-Saharan Africa,5,273,2.9,7.2,8.8,35.3
ZIMBABWE,2009,Sub-Saharan Africa,6,196,0.5,2.4,3.5,35.1
ZIMBABWE,2010,Sub-Saharan Africa,5,414,0.8,3.2,5.8,32.2
ZIMBABWE,2014,Sub-Saharan Africa,9,591,0.7,3.2,3.6,27.6
ZIMBABWE,2015,Sub-Saharan Africa,6,380,1.1,3.3,5.6,27.1
ZIMBABWE,2019,Sub-Saharan Africa,5,978,0.3,2.9,2.5,23.5
